-73.917993,40.84001433,Jerome Ave & 170th St At Sw Corner,4,
-73.917778,40.83992533,Jerome Ave & 170th St At Se Corner,4,
-73.914165,40.83866433,Grand Concourse & 170th St At Sw Corner,B-D,
-73.913606,40.83844433,Grand Concourse & 170th St At Se Corner,B-D,
-73.913333,40.84009733,Grand Concourse & 171st St At Nw Corner,B-D,
-73.914647,40.84470033,Jerome Ave & Cross Bronx Expwy At Sw Corner,4,
-73.911606,40.84485433,Grand Concourse & 174th St At Nw Corner,B-D,
-73.911284,40.84487733,Grand Concourse & 174th St At Nw Corner,B-D,
-73.91208,40.84832233,Jerome Ave & 176th St At Nw Corner,4,
-73.911584,40.84854633,Jerome Ave & 176th St At Se Corner,4,
-73.909144,40.84629733,Grand Concourse & 175th St At Ne Corner,B-D,
-73.89202,40.83035133,Southern Blvd & Freeman St At Nw Corner (To Manhattan Only),5-Feb,
-73.907977,40.85331333,Jerome Ave & Burnside Ave At Sw Corner,4,
-73.905953,40.84995733,Grand Concourse & Echo Pl At Sw Corner,B-D,
-73.90586,40.85006233,Grand Concourse & Echo Pl At Nw Corner,B-D,
-73.90501,40.85112133,Grand Concourse & 179th St At Sw Corner,B-D,
-73.904335,40.85112833,Grand Concourse & 179th St At Ne Corner,B-D,
-73.907393,40.85359633,Jerome Ave & Burnside Ave At Se Corner,4,
-73.900568,40.85594133,Grand Concourse & 182nd St At Se Corner,B-D,
-73.901002,40.85621733,Grand Concourse & 182nd St At Nw Corner,B-D,
-73.904087,40.85835533,Jerome Ave & 183rd St At Sw Corner,4,
-73.903985,40.85849533,Jerome Ave & 183rd St At Nw Corner,4,
-73.898028,40.86141133,Grand Concourse & 188th St At Sw Corner,B-D,
-73.897424,40.86114733,Grand Concourse & 188th St At Se Corner,B-D,
-73.90138,40.86264433,Jerome Ave & Fordham Rd At Sw Corner,4,
-73.901006,40.86264033,Jerome Ave & Fordham Rd At Se Corner,4,
-73.896885,40.86229633,Grand Concourse & Fordham Rd At Se Corner,B-D,
-73.896629,40.86266534,Grand Concourse & Fordham Rd At Ne Corner,B-D,
-73.897172,40.86758133,Jerome Ave & Kingsbridge Rd At Ne Corner,4,
-73.897034,40.86773233,Jerome Ave & Kingsbridge Rd At Ne Corner,4,
-73.89430567,40.86618133,Grand Concourse & Kingsbridge Rd At Ne Corner,B-D,
-73.893982,40.86612733,Grand Concourse & Kingsbridge Rd At Ne Corner,B-D,
-73.892789,40.86774333,Grand Concourse & 196th St At Se Corner,B-D,
-73.891535,40.83010633,Southern Blvd & Freeman St At Se Corner (Northbound Only),5-Feb,
-73.891474,40.83020333,Southern Blvd & Freeman St At Ne Corner (Northbound Only),5-Feb,
-73.8878,40.83753633,Boston Rd & 174th St At Nw Corner (To Manhattan Only),5-Feb,
-73.88756,40.83724133,Boston Rd & 174th St At Se Corner (Northbound Only),5-Feb,
-73.880401,40.84023233,Boston Rd & E Tremont Ave At Nw Corner,5-Feb,
-73.879828,40.84035233,Boston Rd & E Tremont Ave At Ne Corner,5-Feb,
-73.879484,40.84070533,Boston Rd & 178th St At Se Corner,5-Feb,
-73.874654,40.82938133,Morrison Ave & Westchester Ave At Sw Corner,6,
-73.874726,40.82961833,Morrison Ave & Westchester Ave At Nw Corner,6,
-73.867189,40.83177633,St Lawrence Ave & Westchester Ave At Ne Corner,6,
-73.860994,40.83334233,Metropolitan Ave & Westchester Ave At Nw Corner,6-6 Express,
-73.86834,40.84886133,Birchall Ave & Sagamore St At Se Corner,5-Feb,
-73.868258,40.84905133,Birchall Ave & Sagamore St At Ne Corner,5-Feb,
-73.867767,40.85644934,White Plains Rd & Pelham Pkwy At Sw Corner,5-Feb,
-73.867718,40.85804133,White Plains Rd & Pelham Pkwy At Nw Corner,5-Feb,
-73.867467,40.85804933,White Plains Rd & Pelham Pkwy At Ne Corner,5-Feb,
-73.84581947,40.87018876,Seymour Ave & Gun Hill Rd At Se Corner,5,
-73.889754,40.87352833,Jerome Ave & Bedford Park Blvd At Sw Corner,4,
-73.887898,40.87248833,Grand Concourse & Bedford Park Blvd At Nw Corner,B-D,
-73.886925,40.87401633,Grand Concourse & 203rd St At Nw Corner,B-D,
-73.879351,40.87505633,Bainbridge Ave & 205th St At Ne Corner,D,
-73.877525,40.87424133,Perry Ave & 205th St At Nw Corner,D,
-73.885328,40.87934633,Jerome Ave & Mosholu Pkwy At Sw Corner,4,
-73.88496,40.87935333,Jerome Ave & Mosholu Pkwy At Se Corner,4,
-73.885159,40.87949333,Jerome Ave & Mosholu Pkwy At Sw Corner,4,
-73.88437,40.88017633,Jerome Ave & Mosholu Pkwy At Nw Corner,4,
-73.884007,40.88016033,Jerome Ave & Mosholu Pkwy At Ne Corner,4,
-73.87812,40.88673733,Jerome Ave & Bainbridge Ave At Se Corner,4,
-73.867292,40.87155733,White Plains Rd & Burke Ave At Nw Corner,5-Feb,
-73.867021,40.87136233,White Plains & Burke Ave At Se Corner,5-Feb,
-73.8664345,40.87787614,White Plains Rd & 211th St At Sw Corner,5-Feb,
-73.862923,40.88369333,White Plains Rd & 219th St At Nw Corner,5-Feb,
-73.860622,40.88779533,White Plains Rd & 225th St At Sw Corner,5-Feb,
-73.8379144,40.87963,Baychester Ave & Tillotson Ave At Nw Corner,5,
-73.860387,40.88771733,White Plains Rd & 225th St At Se Corner,5-Feb,
-73.851552,40.83434433,Castle Hill Ave & Westchester Ave At Ne Corner,6-6 Express,
-73.846734,40.83694433,Westchester Ave & Zerega Ave At Nw Corner,6-6 Express,
-73.842784,40.84020933,Westchester Ave & Ferris Pl At Sw Corner,6-6 Express,
-73.83651,40.84387833,Westchester Ave & Middletown Rd At Nw Corner,6-6 Express,
-73.832401,40.84681233,Edison Ave & Westchester Ave At Se Corner,6-6 Express,
-73.832287,40.84721233,Edison Ave & Westchester Ave At Ne Corner,6-6 Express,
-73.82715221,40.85273907,Burr Ave & Westchester Ave At Se Corner,6-6 Express,
-73.857274,40.89326333,White Plains Rd & 233rd St At Se Corner,5-Feb,
-73.854233,40.89832433,White Plains Rd & Nereid Ave At Se Corner,5-Feb,
-73.850321,40.90328333,White Plains Rd & 241st St At Se Corner,2,
-73.89840377,40.88978927,Broadway & 242nd St At Nw Corner,1,
-73.91798789,40.81596274,Melrose Ave & 149th St At Sw Corner (Northbound Only),5-Feb,
-73.91779664,40.81625442,Melrose Ave & 149th St At Nw Corner (To Manhattan Only),5-Feb,
-73.9175224,40.81588105,3rd Ave & 149th St At Se Corner (Northbound Only),5-Feb,
-73.89673164,40.82202461,Intervale Ave & Westchester Ave At Se Corner,5-Feb,
-73.89284923,40.82437247,Westchester Ave & Simpson St At Ne Corner (To Manhattan Only),5-Feb,
-73.87284686,40.84143707,Morris Park Ave & 180th St At Nw Corner,5-Feb,
-73.83122374,40.88799143,Dyre Ave & Light St At Ne Corner,5,
-73.92562652,40.82801714,River Ave & 161st St At Ne Corner,4-B-D,
-73.892426,40.74694333,73rd St & Broadway At Sw Corner,7-E-F-M-R,
-73.862373,40.73041733,63rd Rd & Queens Blvd At Ne Corner,E-M-R,
-73.890193,40.74597433,75th St & Broadway At Se Corner,7-E-F-M-R,
-73.876893,40.73589233,54th St & Queens Blvd At Se Corner,E-M-R,
-73.876426,40.73629433,54th St & Queens Blvd At Ne Corner,E-M-R,
-73.877191,40.73735433,Broadway & Queens Blvd At Se Corner,E-M-R,
-73.9911897,40.69251741,Court St & Joralemon St At Sw Corner,2-3-4-5-N-R,
-73.9874044,40.69239628,Jay St & Willoughby St At Nw Corner,A-C-F,
-73.98750832,40.69230642,Jay St & Willoughby St At Nw Corner,A-C-F,
-73.98734762,40.69296064,Jay St & Metrotech Walk At Sw Corner,A-C-F,
-73.98716814,40.69306846,Jay St & Metrotech Walk At Se Corner,A-C-F,
-73.987414,40.69160903,Jay St & Fulton St At Nw Corner,A-C-F,
-73.98726288,40.6915551,Jay St & Fulton St At Ne Corner,A-C-F,
-73.98131665,40.6897832,Flatbush Ave & De Kalb Ave At Se Corner,B-D-N-Q-R,
-73.97788608,40.68495726,Ashland Pl & Hanson Pl At Se Corner,2-3-4-5-B-D-N-Q-R,
-73.97091864,40.67525323,Flatbush Ave & Plaza Street East At Se Corner,2/3/04,
-73.97112089,40.67520615,Flatbush Ave & Plaza Street West At Nw Corner,2/3/04,
-73.95787512,40.67448574,Franklin Ave & Park Pl At Nw Corner,S,
-73.95560891,40.68119898,Franklin Ave & Fulton St At Ne Corner,A-C-S,
-73.98047666,40.68803123,Flatbush Ave & Livingston St At Nw Corner,2-3-4-5,
-73.98033388,40.68816573,Flatbush Ave & Livingston St At Ne Corner,2-3-4-5,
-73.954267,40.74257333,Vernon Blvd & 50th Ave At Sw Corner (To Flushing Only),7-7 Express,
-73.954235,40.74263933,Vernon Blvd & 50th Ave At Sw Corner (To Flushing Only),7-7 Express,
-73.953836,40.74275233,Vernon Blvd & 50th Ave At Ne Corner (To Manhattan Only),7-7 Express,
-73.95274,40.74234033,Jackson Ave & 50th Ave At Se Corner (To Flushing Only),7-7 Express,
-73.952473,40.74248333,Jackson Ave & 50th Ave At Ne Corner (To Manhattan Only),7-7 Express,
-73.949018,40.74461933,Jackson Ave & 47th Ave At Sw Corner,G,
-73.948658,40.74474533,Jackson Ave & 47th Ave At Nw Corner,G,
-73.945686,40.74629733,23rd St & 45th Rd At Nw Corner,7-7 Express,
-73.945015,40.74623133,Jackson Ave & 45th Rd At Nw Corner,E-G-M,
-73.943781,40.74672233,Jackson Ave & 45th Ave At Nw Corner,E-G-M,
-73.947211,40.74794733,21st St & 44th Ave At Se Corner,E-G-M,
-73.931828,40.74458633,33rd St & Queens Blvd At Nw Corner,7,
-73.93157,40.74456233,33rd St & Queens Blvd At Se Corner,7,
-73.931515,40.74472333,33rd St & Queens Blvd At Ne Corner,7,
-73.930888,40.74466333,34th St & Queens Blvd At Nw Corner,7,
-73.940197,40.75027533,Queens Plaza South & 27th St At Sw Corner,7-7 Express-N-Q,
-73.937347,40.74870933,Jackson Ave & Queens Blvd At Se Corner,E-M-R,
-73.936094,40.74957733,Northern Blvd & 41st Ave At Se Corner,E-M-R,
-73.932814,40.75251833,31st St & 39th Ave At Se Corner,N-Q,
-73.930583,40.75189933,34th St & Northern Blvd At Sw Corner (To Jamaica Only),E-M-R,
-73.928771,40.75222033,35th St & 38th Ave At Ne Corner (To Manhattan And Brooklyn Only),E-M-R,
-73.927144,40.75195333,36th St & Northern Blvd At Se Corner (To Jamaica Only),E-M-R,
-73.929977,40.75649633,31st St & 36th Ave At Sw Corner,N-Q,
-73.929719,40.75680433,31st St & 36th Ave At Nw Corner,N-Q,
-73.925399,40.76177333,31st St & Broadway At Se Corner,N-Q,
-73.924467,40.74373633,40th St & Queens Blvd At Sw Corner (To Flushing Only),7,
-73.924428,40.74393233,40th St & Queens Blvd At Nw Corner (To Manhattan Only),7,
-73.92406,40.74388433,40th St & Queens Blvd At Ne Corner (To Manhattan Only),7,
-73.918892,40.74311233,46th St & Queens Blvd At Sw Corner,7,
-73.918548,40.74305233,46th St & Queens Blvd At Se Corner,7,
-73.918015,40.74296333,47th St & Queens Blvd At Sw Corner,7,
-73.917944,40.74318933,47th St & Queens Blvd At Nw Corner,7,
-73.91302325,40.74413348,52nd St & Roosevelt Ave At Nw Corner,7,
-73.919829,40.75811733,Steinway St & Broadway At Sw Corner,E-M-R,
-73.919418,40.75828533,Steinway St & Broadway At Se Corner,E-M-R,
-73.914255,40.75686133,46th St & Broadway At Nw Corner (To Manhattan And Brooklyn Only),E-M-R,
-73.91218,40.75602933,48th St & Newtown Rd At Ne Corner (To Manhattan And Brooklyn Only),E-M-R,
-73.90306341,40.74571783,61st St & Roosevelt Ave At Ne Corner,7-7 Express,
-73.907105,40.75310133,54th St & Northern Blvd At Nw Corner (To Jamaica Only),E-M-R,
-73.906847,40.75342833,54th St & Broadway At Sw Corner (To Manhattan And Brooklyn Only),E-M-R,
-73.897316,40.74931033,65th St & Broadway At Ne Corner,E-M-R,
-73.9214,40.76667133,31st St & 30th Ave At Se Corner,N-Q,
-73.921149,40.76697233,31st St & 30th Ave At Ne Corner,N-Q,
-73.917997,40.77030133,31st St & Hoyt Ave South At Sw Corner,N-Q,
-73.917124,40.77104533,31st St & Hoyt Ave North At Nw Corner,N-Q,
-73.916897,40.77088133,31st St & Hoyt Ave North At Ne Corner,N-Q,
-73.912165,40.77479633,31st St & 23rd Ave At Ne Corner,N-Q,
-73.912039,40.77517833,31st St & 23rd Ave At Nw Corner,N-Q,
-73.942521,40.75419533,21st St & 41st Ave At Nw Corner,F,
-73.942374,40.75432233,21st St & 41st Ave At Nw Corner,F,
-73.98240667,40.77291564,Broadway & 65th St At Sw Corner,2-Jan,
-73.982466,40.77388333,Broadway & 66th St At Sw Corner,2-Jan,
-73.981932,40.77842933,Broadway & 72nd St At Se Corner,1/2/03,
-73.977144,40.77494033,Central Park West & 70th St At Sw Corner,A-C-B,
-73.975977,40.77643133,Central Park West & 72nd St At Nw Corner,A-C-B,
-73.980265,40.78378433,Broadway & 79th St At Sw Corner (Downtown Only),2-Jan,
-73.980065,40.78405533,Broadway & 79th St At Nw Corner (Downtown Only),2-Jan,
-73.979672,40.78396433,Broadway & 79th St At Ne Corner (Uptown Only),2-Jan,
-73.976321,40.78812433,Broadway & 86th St At Se Corner (Uptown Only),2-Jan,
-73.97669,40.78850433,Broadway & 86th St At Nw Corner (Downtown Only),2-Jan,
-73.964495,40.76777633,Lexington Ave & 68th St At Sw Corner,4-6-6 Express,
-73.964188,40.76799633,Lexington Ave & 68th St At Nw Corner,4-6-6 Express,
-73.963887,40.76786733,Lexington Ave & 68th St At Ne Corner,4-6-6 Express,
-73.959659,40.77349333,Lexington Ave & 77th St At Se Corner (Uptown Only),4-6-6 Express,
-73.959659,40.77363133,Lexington Ave & 77th St At Ne Corner (Uptown Only),4-6-6 Express,
-73.960135,40.77366933,Lexington Ave & 77th St At Sw Corner (Downtown Only),4-6-6 Express,
-73.96006,40.77363633,Lexington Ave & 77th St At Sw Corner (Downtown Only),4-6-6 Express,
-73.960041,40.77377933,Lexington Ave & 77th St At Nw Corner (Downtown Only),4-6-6 Express,
-73.971999,40.78196833,Central Park West & 81st St At Sw Corner,A-C-B,
-73.971749,40.78224333,Central Park West & 81st St At Nw Corner,A-C-B,
-73.96963,40.78529233,Central Park West & 86th St At Sw Corner,A-C-B,
-73.969461,40.78547734,Central Park West & 86th St At Nw Corner,A-C-B,
-73.968442,40.78675033,Central Park West & 88th St At Nw Corner,A-C-B,
-73.97297,40.79337233,Broadway & 96th St At Sw Corner,1/2/03,
-73.972695,40.79309633,Broadway & 96th St At Se Corner,1/2/03,
-73.972155,40.79447833,Broadway & 96th St At Sw Corner,1/2/03,
-73.971791,40.79432033,Broadway & 96th St At Se Corner,1/2/03,
-73.965015,40.79169833,Central Park West & 96th St At Sw Corner,A-C-B,
-73.964406,40.79231233,Central Park West & 97th St At Sw Corner,A-C-B,
-73.968678,40.79930033,Broadway & 103rd St At Nw Corner,1,
-73.968271,40.79922333,Broadway & 103rd St At Ne Corner,1,
-73.968622,40.79939033,Broadway & 103rd St At Nw Corner,1,
-73.966623,40.80397633,Broadway & Cathedral Pkwy At Se Corner (Uptown Only),1,
-73.966786,40.80439033,Broadway & Cathedral Pkwy At Nw Corner (Downtown Only),1,
-73.961576,40.79625233,Central Park West & 103rd St At Nw Corner,A-C-B,
-73.958458,40.80001133,Frederick Douglass Blvd & 109th St At Ne Corner,A-C-B,
-73.958388,40.80087333,Frederick Douglass Blvd & Cathedral Pkwy At Sw Corner,A-C-B,
-73.963937,40.80826433,Broadway & 116th St At Nw Corner,1,
-73.963855,40.80838733,Broadway & 116th St At Nw Corner,1,
-73.96351,40.80823033,Broadway & 116th St At Ne Corner,1,
-73.958554,40.81568833,Broadway & Tiemann Pl At Nw Corner,1,
-73.955812,40.77945333,Lexington Ave & 86th St At Sw Corner (Downtown Only),4-5-6-6 Express,
-73.955705,40.77968733,Lexington Ave & 86th St At Nw Corner (Downtown Only),4-5-6-6 Express,
-73.951243,40.78586133,Lexington Ave & 96th St At Sw Corner,4-6-6 Express,
-73.950899,40.78564633,Lexington Ave & 96th St At Se Corner,4-6-6 Express,
-73.951036,40.78605133,Lexington Ave & 96th St At Nw Corner,4-6-6 Express,
-73.944634,40.79481433,Lexington Ave & 110th St At Sw Corner (Downtown Only),4-6-6 Express,
-73.76186441,40.5992145,Beach 25th St & Rockaway Frwy At Sw Corner,A,
-73.94429,40.79468533,Lexington Ave & 110th St At Se Corner (Uptown Only),4-6-6 Express,
-73.95563,40.80432933,Frederick Douglass Blvd & 116th St At Sw Corner (Downtown Only),A-C-B,
-73.955141,40.80419133,Frederick Douglass Blvd & 116th St At Se Corner (Uptown Only),A-C-B,
-73.952083,40.79900533,Lenox Ave & 111th St At Nw Corner,3-Feb,
-73.949924,40.80196133,Lenox Ave & 116th St At Sw Corner (Downtown Only),3-Feb,
-73.949637,40.80184233,Lenox Ave & 116th St At Se Corner (Uptown Only),3-Feb,
-73.949443,40.80209833,Lenox Ave & 116th St At Ne Corner (Uptown Only),3-Feb,
-73.955059,40.80442533,Frederick Douglass Blvd & 116th St At Ne Corner (Uptown Only),A-C-B,
-73.952866,40.81065633,Saint Nicholas Ave & 125th St At Sw Corner,A-C-B-D,
-73.952609,40.81099533,Saint Nicholas Ave & 125th St At Nw Corner,A-C-B-D,
-73.952345,40.81088033,Saint Nicholas Ave & 125th St At Ne Corner,A-C-B-D,
-73.952201,40.81157633,Saint Nicholas Ave & 126th St At Nw Corner,A-C-B-D,
-73.951736,40.81195733,Saint Nicholas Ave & 127th St At Sw Corner,A-C-B-D,
-73.941866,40.79848133,Lexington Ave & 116th St At Sw Corner (Downtown Only),4-6-6 Express,
-73.94159,40.79886233,Lexington Ave & 116th St At Nw Corner (Downtown Only),4-6-6 Express,
-73.941421,40.79872433,Lexington Ave & 116th St At Ne Corner (Uptown Only),4-6-6 Express,
-73.945445,40.80755933,Lenox Ave & 125th St At Se Corner (Uptown Only),3-Feb,
-73.945238,40.80786333,Lenox Ave & 125th St At Ne Corner (Uptown Only),3-Feb,
-73.9544,40.82135633,Broadway & 137th St At Sw Corner (Downtown Only),1,
-73.954237,40.82157033,Broadway & 137th St At Nw Corner (Downtown Only),1,
-73.953748,40.82157933,Broadway & 137th St At Ne Corner (Uptown Only),1,
-73.950375,40.82621933,Broadway & 145th St At Sw Corner (Uptown Only),1,
-73.950126,40.82648233,Broadway & 145th St At Nw Corner (Uptown Only),1,
-73.948254,40.81710733,Saint Nicholas Ave & 135th St At Sw Corner (Downtown Only),A-C-B,
-73.94784,40.81690233,Saint Nicholas Ave & 135th St At Sw Corner (Uptown Only),A-C-B,
-73.947689,40.81717433,Edgecombe Ave & 135th St At Ne Corner (Uptown Only),A-C-B,
-73.947192,40.81837433,Saint Nicholas Ave & 137th St At Se Corner (Uptown Only),A-C-B,
-73.941087,40.81403333,Lenox Ave & 135th St At Sw Corner (Downtown Only),3-Feb,
-73.944874,40.82422733,Saint Nicholas Ave & 145th St At Nw Corner,A-C-B-D,
-73.944445,40.82405033,Saint Nicholas Ave & 145th St At Ne Corner,A-C-B-D,
-73.944422,40.82485133,Saint Nicholas Ave & 146th St At Nw Corner,A-C-B-D,
-73.937634,40.80426833,Lexington Ave & 125th St At Sw Corner,4-5-6-6 Express,
-73.937422,40.80417333,Lexington Ave & 125th St At Se Corner,4-5-6-6 Express,
-73.937215,40.80448233,Lexington Ave & 125th St At Ne Corner,4-5-6-6 Express,
-73.940905,40.81430033,Lenox Ave & 135th St At Nw Corner (Downtown Only),3-Feb,
-73.940616,40.81417633,Lenox Ave & 135th St At Ne Corner (Uptown Only),3-Feb,
-73.936245,40.82017833,Lenox Ave & 145th St At Se Corner (Exit Only),3,
-73.936276,40.82064033,Lenox Ave & 145th St At Nw Corner (Downtown Only),3,
-73.936928,40.82418833,Adam C. Powell Blvd & 149th St At Ne Corner,3,
-73.945166,40.83426733,Broadway & 157th St At Nw Corner (Downtown Only),1,
-73.941572,40.83075633,Saint Nicholas Ave & 155th St At Sw Corner,A-C,
-73.941594,40.83085333,Saint Nicholas Ave & 155th St At Sw Corner,A-C,
-73.941594,40.83119633,Saint Nicholas Ave & 155th St At Nw Corner,A-C,
-73.941534,40.83121333,Saint Nicholas Ave & 155th St At Nw Corner,A-C,
-73.944707,40.83389533,Broadway & 157th St At Se Corner (Uptown Only),1,
-73.940144,40.83520633,Amsterdam Ave & 161st St At Se Corner (Downtown Only),A-C,
-73.939622,40.83528733,Saint Nicholas Ave & 161st St At Ne Corner (Uptown Only),A-C,
-73.940193,40.84087833,Broadway & 168th St At Sw Corner,1-A-C,
-73.939741,40.84072933,Broadway & 168th St At Se Corner,1-A-C,
-73.939552,40.84186133,Saint Nicholas Ave & 169th St At Nw Corner,1-A-C,
-73.939454,40.84191333,Saint Nicholas Ave & 169th St At Nw Corner,1-A-C,
-73.94024835,40.84638125,Fort Washington Ave & 175th St At Sw Corner,A,
-73.939877,40.84642433,Fort Washington Ave & 175th St At Se Corner,A,
-73.939732,40.84781333,Fort Washington Ave & 177th St At Sw Corner,A,
-73.939303,40.84785933,Fort Washington Ave & 177th St At Ne Corner,A,
-73.93845,40.85079633,Fort Washington Ave & 181st St At Sw Corner,A,
-73.938212,40.85072533,Fort Washington Ave & 181st St At Se Corner,A,
-73.93371,40.84917233,Saint Nicholas Ave & 181st St At Se Corner,1,
-73.984779,40.75354633,6th Ave & 40th St At Ne Corner,7-7 Express-B-D-F-M,
-73.983894,40.75460934,6th Ave & 42nd St At Se Corner,7-7 Express-B-D-F-M,
-73.989582,40.75728633,8th Ave & 42nd St At Ne Corner,1-2-3-7-7 Express-S-A-C-E-N-Q-R,
-73.989547,40.75792933,8th Ave & 43rd St At Sw Corner,1-2-3-7-7 Express-S-A-C-E-N-Q-R,
-73.98899,40.75868533,8th Ave & 44th St At Nw Corner,1-2-3-7-7 Express-S-A-C-E-N-Q-R,
-73.988673,40.75840133,8th Ave & 44th St At Se Corner,1-2-3-7-7 Express-S-A-C-E-N-Q-R,
-73.987362,40.75524833,7th Ave & 41st St At Se Corner,1-2-3-7-7 Express-S-A-C-E-N-Q-R,
-73.987242,40.75604233,7th Ave & 42nd St At Sw Corner,1-2-3-7-7 Express-S-A-C-E-N-Q-R,
-73.986311,40.75647633,Broadway & 43rd St At Sw Corner,1-2-3-7-7 Express-S-A-C-E-N-Q-R,
-73.986805,40.76169133,8th Ave & 49th St At Sw Corner (Downtown Only),A-C-E,
-73.986299,40.76245233,8th Ave & 50th St At Nw Corner (Downtown Only),A-C-E,
-73.98854149,40.74896733,6th Ave & 33rd St At Sw Corner,B-D-F-M-N-Q-R,
-74.005053,40.71181733,Nassau St & Frankfort St At Se Corner,4-5-6-6 Express-J-Z,
-73.984371,40.75902033,7th Ave & 47th St At Se Corner (Uptown Only),N-Q-R,
-73.984889,40.75952733,Broadway & 47th St At Ne Corner (Downtown Only),N-Q-R,
-73.985829,40.76208533,8th Ave & 50th St At Se Corner (Uptown Only),A-C-E,
-73.985757,40.76221633,8th Ave & 50th St At Ne Corner (Uptown Only),A-C-E,
-73.984154,40.76156133,Broadway & 50th St At Nw Corner (Downtown Only),2-Jan,
-73.98396,40.76048733,7th Ave & 49th St At Sw Corner (Downtown Only),N-Q-R,
-73.98343,40.76048233,7th Ave & 49th St At Ne Corner (Uptown Only),N-Q-R,
-73.983782,40.76136733,Broadway & 50th St At Ne Corner (Uptown Only),2-Jan,
-73.98113,40.75340933,5th Ave & 42nd St At Sw Corner,7-7 Express-B-D-F-M,
-73.83053219,40.6605503,103rd St & 159th Ave At Ne Corner,A,
-73.97804803,40.75218434,Park Ave & 42nd St At Sw Corner,4-5-6-6 Express-7-7 Express-S,
-73.977691,40.75174133,Park Ave & 42nd St At Se Corner,4-5-6-6 Express-7-7 Express-S,
-73.96925547,40.75747531,3rd Ave & 53rd St At Se Corner,4-6-6 Express-E-M,
-73.98154,40.75798133,6th Ave & 47th St At Ne Corner,B-D-F-M,
-73.981095,40.75861533,6th Ave & 48th St At Ne Corner,B-D-F-M,
-73.981252,40.75910533,6th Ave & 48-49th Sts At W Corner,B-D-F-M,
-73.981001,40.75943433,6th Ave & 49th St At Nw Corner,B-D-F-M,
-73.980499,40.76012533,6th Ave & 50th St At Nw Corner,B-D-F-M,
-73.981597,40.76293133,7th Ave & 53rd St At Ne Corner,B-D-E,
-73.975638,40.76026733,5th Ave & 53rd St At Se Corner,E-M,
-73.972125,40.75730233,Lexington Ave & 51st St At Nw Corner,4-6-6 Express-E-M,
-73.971709,40.75696733,Lexington Ave & 51st St At Se Corner,4-6-6 Express-E-M,
-73.971542,40.75704433,Lexington Ave & 51st St At Ne Corner,4-6-6 Express-E-M,
-73.9708125,40.75811743,Lexington Ave & 53rd St At Se Corner,4-6-6 Express-E-M,
-73.969102,40.75767333,3rd Ave & 53rd St At Ne Corner,4-6-6 Express-E-M,
-73.968132,40.76211733,Lexington Ave & 59th St At Se Corner,4-5-6-6 Express-N-Q-R,
-73.968339,40.76239833,Lexington Ave & 59th St At Nw Corner,4-5-6-6 Express-N-Q-R,
-73.96634,40.76209233,3rd Ave & 60th St At Sw Corner,4-5-6-6 Express-N-Q-R,
-73.966145,40.76235933,3rd Ave & 60th St At Nw Corner,4-5-6-6 Express-N-Q-R,
-73.965895,40.76226433,3rd Ave & 60th St At Ne Corner,4-5-6-6 Express-N-Q-R,
-73.982137,40.76736733,8th Ave & 58th St At Ne Corner,1-2-A-C-B-D,
-73.982106,40.76877733,Broadway & 60th St At Sw Corner,1-2-A-C-B-D,
-73.981153,40.76437233,7th Ave & 55th St At Nw Corner,N-Q-R,
-73.980802,40.76407633,7th Ave & 55th St At Se Corner,N-Q-R,
-73.980307,40.76539133,7th Ave & 57th St At Sw Corner,N-Q-R,
-73.980012,40.76579633,7th Ave & 57th St At Nw Corner,N-Q-R,
-73.977897,40.76357133,6th Ave & 56th St At Sw Corner,F,
-73.83368865,40.66707968,Cohancy St & North Conduit Ave At Ne Corner,A,
-73.98343648,40.76111125,Broadway & 50th St At Se Corner (Uptown Only),2-Jan,
-73.981435,40.76762933,Columbus Circle & 59th St At Se Corner,1-2-A-C-B-D,
-73.981335,40.76768633,Columbus Circle & 59th St At Se Corner,1-2-A-C-B-D,
-73.977667,40.76346533,6th Ave & 56th St At Se Corner,F,
-73.97772,40.76382633,6th Ave & 56th St At Nw Corner,F,
-73.97730497,40.76388376,6th Ave & 56th St At Ne Corner,F,
-73.977126,40.76464033,6th Ave & 57th St At Nw Corner,F,
-73.973839,40.76479933,Grand Army Plaza & Central Park South At Ne Corner,N-Q-R,
-73.97377,40.76477033,Grand Army Plaza & Central Park South At Ne Corner,N-Q-R,
-73.972178,40.76466533,5th Ave & 60th St At Se Corner,N-Q-R,
-73.966557,40.76473833,Lexington Ave & 63rd St At Sw Corner,F,
-74.004999,40.71268733,Centre St & Brooklyn Bridge Approach At Nw Corner,4-5-6-6 Express-J-Z,
-74.004803,40.71286633,Centre St & Brooklyn Bridge Approach At Nw Corner,4-5-6-6 Express-J-Z,
-74.00384,40.71383133,Centre St & Reade St At Nw Corner,4-5-6-6 Express-J-Z,
-74.003151,40.71429533,Lafayette St & Duane St At Ne Corner,4-5-6-6 Express-J-Z,
-73.98178818,40.7578017,6th Ave & 47th St At Se Corner,B-D-F-M,
-73.98156644,40.75862367,6th Ave & 48th St At Sw Corner,B-D-F-M,
-73.99297065,40.74306615,6th Ave & 23rd St At Nw Corner (Downtown Only),F-M,
-73.9926174,40.74271499,6th Ave & 23rd St At Se Corner (Uptown Only),F-M,
-73.99306554,40.74292184,6th Ave & 23rd St At Sw Corner (Downtown Only),F-M,
-74.005634,40.72165133,St. John La & Laight St At Se Corner,A-C-E,
-74.005399,40.72075833,6th Ave & West Broadway At Nw Corner,A-C-E,
-74.005133,40.72196733,Thompson St & Canal St At Ne Corner,A-C-E,
-74.001852,40.71922733,Broadway & Canal St At Se Corner,4-6-6 Express-J-Z-N-Q-R,
-74.002142,40.71942433,Broadway & Canal St At Sw Corner,4-6-6 Express-J-Z-N-Q-R,
-74.002087,40.71938833,Broadway & Canal St At Sw Corner,4-6-6 Express-J-Z-N-Q-R,
-74.002001,40.71963233,Broadway & Canal St At Nw Corner,4-6-6 Express-J-Z-N-Q-R,
-74.000623,40.71863833,Lafayette St & Canal St At Nw Corner,4-6-6 Express-J-Z-N-Q-R,
-74.005994,40.72249733,Canal St & Varick St At Ne Corner (Uptown Only),1,
-74.00399,40.72620833,6th Ave & Vandam St At Sw Corner,A-C-E,
-74.00565,40.72798333,Varick St & King St At Nw Corner (Downtown Only),1,
-74.00554,40.72856133,Varick St & Houston St At Sw Corner (Downtown Only),1,
-74.005305,40.72773933,Varick St & King St At Se Corner (Uptown Only),1,
-74.005258,40.72798933,Varick St & King St At Ne Corner (Uptown Only),1,
-74.005517,40.72868633,Varick St & Houston St At Nw Corner (Downtown Only),1,
-74.005086,40.72865633,Varick St & Houston St At Ne Corner (Uptown Only),1,
-73.997437,40.72239033,Lafayette St & Spring St At Sw Corner (Downtown Only),4-6-6 Express,
-73.996818,40.72223533,Lafayette St & Spring St At Ne Corner (Uptown Only),4-6-6 Express,
-73.993577,40.71819133,Chrystie St & Grand St At Ne Corner,B-D,
-73.993581,40.72000533,Bowery & Delancey St At Se Corner,J-Z,
-73.993428,40.72030533,Bowery & Delencey St At Ne Corner,J-Z,
-73.997891,40.72435633,Broadway & Prince St At Nw Corner (Downtown Only),N-R,
-73.99768,40.72412333,Broadway & Prince St At Se Corner (Uptown Only),N-R,
-73.996583,40.72520233,"Broadway & Houston St At Ne Corner ((4)(6)<6> Dntn, (B)(D)(F)(M))",4-5-6-6 Express-B-D-F-M,
-73.995628,40.72498733,"Lafayette St & Houston St At Sw Corner ((4)(6)<6> Dntn, (B)(D)(F)(M))",4-5-6-6 Express-B-D-F-M,
-73.995745,40.72501133,"Crosby St & Houston St At Se Corner ((4)(6)<6> Dntn, (B)(D)(F)(M))",4-5-6-6 Express-B-D-F-M,
-73.995612,40.72534433,"Crosby St & Houston St At Ne Corner ((4)(6)<6> Dntn, (B)(D)(F)(M))",4-5-6-6 Express-B-D-F-M,
-73.994759,40.72604733,"Lafayette St & Bleecker St At Nw Corner ((4)(6)<6> Dntn, (B)(D)(F)(M))",4-5-6-6 Express-B-D-F-M,
-73.994579,40.72572633,Lafayette St & Mulberry St At Sw Corner (Uptown Only),4-6-6 Express,
-73.99432,40.72584533,Lafayette St & Mulberry St At Ne Corner (Uptown Only),4-6-6 Express,
-73.991651,40.72366533,Chrystie St & Houston St At Sw Corner,F,
-73.99325,40.72978633,Broadway & Waverly Pl At Nw Corner (Downtown Only),N-R,
-73.993038,40.72969133,Broadway & Waverly Pl At Ne Corner (Uptown Only),N-R,
-73.992286,40.73047733,Broadway & 8th St At Se Corner (Uptown Only),N-R,
-73.99141039,40.72996873,Lafayette St & Astor Pl At Nw Corner (Downtown Only),4-6-6 Express,
-73.990838,40.73008433,4th Ave & East 8th St At Ne Corner (Uptown Only),4-6-6 Express,
-74.003076,40.73346733,7th Ave & Christopher St At Sw Corner (Downtown Only),1,
-74.003123,40.73363433,7th Ave & Christopher St At Nw Corner (Downtown Only),1,
-74.002748,40.73340233,7th Ave & West 4th St At Se Corner (Uptown Only),1,
-74.001534,40.73113333,6th Ave & West 3rd St At Nw Corner,A-C-E-B-D-F-M,
-73.992717,40.73063833,Broadway & 8th St At Sw Corner (Downtown Only),N-R,
-73.992615,40.73076933,Broadway & 8th St At Nw Corner (Downtown Only),N-R,
-73.990126,40.71272733,Rutgers St & Madison Ave At Nw Corner,F,
-73.989918,40.71440433,Essex St & Canal St At Ne Corner,F,
-73.98827347,40.7182075,Essex St & Delancey St At Se Corner,F-J-M-Z,
-73.987623,40.71855133,Norfolk St & Delancey St At Nw Corner,F-J-M-Z,
-73.988942,40.72280733,Allen St & Houston St At Sw Corner,F,
-73.988863,40.72320033,1st Ave & Houston St At Nw Corner,F,
-74.01405562,40.70631478,Greenwich St & Morris St At Ne Corner (Uptown Only),N-R,
-74.00055194,40.71858934,Lafayette St & Canal St At Nw Corner,4-6-6 Express-J-Z-N-Q-R,
-74.00031694,40.71815509,Lafayette St & Canal St At Se Corner,4-6-6 Express-J-Z-N-Q-R,
-74.0112755,40.71120575,Church St & Dey St At Sw Corner (Downtown Only),N-R,
-73.99570722,40.67920153,Smith St & 2nd St At Nw Corner,F-G,
-73.99433339,40.68079734,Smith St & President St At Se Corner,F-G,
-73.991114,40.68544733,Smith St & Warren St At Ne Corner (To Manhattan And Queens Only),F-G,
-73.99061,40.68673433,Smith St & Bergen St At Sw Corner (To Coney Island Only),F-G,
-73.990513,40.68687633,Smith St & Bergen St At Nw Corner (To Coney Island Only),F-G,
-73.972987,40.68598133,9 Greene Avenue (To Manhattan Only),A-C,
-73.874541,40.82967633,1200 Morrison Avenue,6,
-73.801873,40.70182033,Intersection Of Archer Avenue And 153 Street,E-J-Z,
-73.862198,40.75006233,103-07 Roosevelt Avenue,7,
-73.935736,40.69702333,926 Broadway,J-M-Z,
-73.967672,40.57651833,101 Brighton Beach Avenue,B-Q,
-73.929471,40.69388633,1117 Broadway,J,
-73.98437,40.76143233,1627 Broadway (Downtown Only),2-Jan,
-73.956301,40.71684333,214 North 7 Street,L,
-73.94944335,40.68052584,1293 Fulton Street (To Manhattan Only),A-C,
-73.979256,40.66599933,820 8 Avenue,F,
-73.949229,40.71393933,566 Lorimer Street,G-L,
-73.93704,40.74883533,29-00 Northern Boulevard,E-M-R,
-73.896714,40.67446233,349 Liberty Avenue,A-C,
-74.00880373,40.70675485,47 Pine Street,3-Feb,
-74.009156,40.71016233,192 Broadway (Enter On John St.),2-3-4-5-A-C-J-Z,
-73.997977,40.72426033,565 Broadway (Downtown Only),N-R,
-73.948795,40.64503433,3010 Beverly Road (To Manhattan Only),5-Feb,
-74.01333346,40.70160556,1 Whitehall Street,1,
-73.949071,40.69550433,567 Marcy Avenue,G,
-73.950674,40.66323833,1021 Nostrand Avenue,5-Feb,
-73.933339,40.84942433,1422 St Nicholas Avenue,1,
-73.95912626,40.70869997,266 Broadway (To Queens And Canarsie Only),J-M-Z,
-73.980788,40.75899633,1220 6 Avenue,B-D-F-M,
-73.953147,40.74242433,Jackson Ave & 50th Ave At Sw Corner (To Flushing Only),7-7 Express,
-73.97827999,40.75227938,Vanderbilt Ave & 42nd St At Se Corner,4-5-6-6 Express-7-7 Express-S,
-73.987097,40.75433533,Broadway & 40th St At Sw Corner,1-2-3-7-7 Express-S-A-C-E-N-Q-R,
-73.98393426,40.75533371,6th Ave & 42nd St At Nw Corner,7-7 Express-B-D-F-M,
-73.950698,40.78590333,Lexington Ave & 96th St At Ne Corner,4-6-6 Express,
-73.972143,40.75715333,Lexington Ave & 51st St At Sw Corner,4-6-6 Express-E-M,
-74.003637,40.71389033,Centre St & Reade St At Nw Corner,4-5-6-6 Express-J-Z,
-73.99105,40.73533233,Broadway & 14th St At Ne Corner,4-5-6-6 Express-L-N-Q-R,
-73.9816,40.74624233,Park Ave & 33rd St At Se Corner (Uptown Only),4-6-6 Express,
-73.98928,40.73436133,101 East 14 Street,4-5-6-6 Express-L-N-Q-R,
-73.941634,40.79841933,Lexington Ave & 116th St At Se Corner (Uptown Only),4-6-6 Express,
-73.79473,40.71018433,168th St & Hillside Ave At Ne Corner,F,
-73.782651,40.71306033,180th St & Hillside Ave At Nw Corner,F,
-73.796517,40.59113433,Beach 67th St & Rockaway Frwy At Nw Corner,A,
-73.768247,40.59522633,Beach 36th & Edgemere Ave At Se Corner,A,
-73.90058385,40.66361594,Van Sinderen Ave & Livonia Ave At Sw Corner,L,
-73.824521,40.68620833,Lefferts Blvd & Liberty Ave At Nw Corner,A-S,
-74.00157,40.60782033,18th Ave & 85th St At Ne Corner,D,
-73.886504,40.87399733,Grand Concourse & 203rd St At Ne Corner,B-D,
-73.867524,40.86553733,White Plains Rd & Allerton Ave At Nw Corner,5-Feb,
-73.851788,40.83409233,Castle Hill Ave & Westchester Ave At Sw Corner,6-6 Express,
-73.850418,40.90357833,White Plains Rd & 241st St At Nw Corner,2,
-73.861428,40.73007033,63rd Dr & Queens Blvd At Nw Corner,E-M-R,
-73.99106492,40.69262819,Court St & Joralemon St At Nw Corner,2-3-4-5-N-R,
-74.000388,40.71819733,Lafayette St & Canal St At Se Corner,4-6-6 Express-J-Z-N-Q-R,
-74.00608,40.72256933,Canal St & Varick St At Ne Corner (Uptown Only),1,
-73.9400625,40.67995374,Throop Ave & Fulton St At Ne Corner (To Manhattan Only),A-C,
-73.92990842,40.8132942,Grand Concourse & 138th St At Nw Corner,5-Apr,
-73.844988,40.72221834,70th Rd & Queens Blvd At Nw Corner,E-F-M-R,
-73.802587,40.70758333,Parsons Blvd & Hillside Ave At Se Corner,F,
-73.813556,40.58795133,Beach 89th St & Rockaway Frwy At Sw Corner,A-S,
-73.88298047,40.74283456,Britton Ave & Broadway At Sw Corner,E-M-R,
-73.945334,40.74613033,23rd St & 45th Rd At Se Corner,7-7 Express,
-73.929232,40.75218333,35th St & 38th Ave At Sw Corner (To Manhattan And Brooklyn Only),E-M-R,
-73.942491,40.75413133,21st St & 41st Ave At Nw Corner,F,
-73.99735,40.74642733,8th Ave & 25th St At Se Corner,A-C-E,
-73.992669,40.75279633,8th Ave & 35th St At Ne Corner,A-C-E,
-73.986562,40.73947733,Park Ave & 22nd St At Ne Corner (Uptown Only),4-6-6 Express,
-73.991049,40.75598933,613 8 Avenue,1-2-3-7-7 Express-S-A-C-E-N-Q-R,
-73.94857258,40.74249454,21st St & 49th Ave At Ne Corner,7-7 Express,
-73.947854,40.79024133,Lexington Ave & 103rd St At Sw Corner,4-6-6 Express,
-73.989984,40.75746333,8th Ave & 42nd St At Nw Corner,1-2-3-7-7 Express-S-A-C-E-N-Q-R,
-73.98713328,40.75624162,7th Ave & 42nd St At Nw Corner,1-2-3-7-7 Express-S-A-C-E-N-Q-R,
-73.971798,40.75700833,Lexington Ave & 51st St At Se Corner,4-6-6 Express-E-M,
-74.000216,40.71835833,Lafayette St & Canal St At Ne Corner,4-6-6 Express-J-Z-N-Q-R,
-73.990283,40.73452233,4th Ave & 14th St At Sw Corner,4-5-6-6 Express-L-N-Q-R,
-73.990887,40.75610133,8th Ave & 40th St At Nw Corner,1-2-3-7-7 Express-S-A-C-E-N-Q-R,
-73.988485,40.74856333,6th Ave & 32nd St At Ne Corner,B-D-F-M-N-Q-R,
-73.987108,40.75450733,Broadway & 40th St At Nw Corner,1-2-3-7-7 Express-S-A-C-E-N-Q-R,
-74.009375,40.71111533,Broadway & Fulton St At Nw Corner,2-3-4-5-A-C-J-Z,
-73.83873,40.68128933,104-02 102 Street,A-S,
-73.989789,40.73515933,101 East 14 Street (Enter On E 14th St),4-5-6-6 Express-L-N-Q-R,
-73.976396,40.75135233,117 East 41 Street,4-5-6-6 Express-7-7 Express-S,
-73.986311,40.75557533,Broadway & 42nd St At Se Corner,1-2-3-7-7 Express-S-A-C-E-N-Q-R,
-73.981235,40.76425733,7th Ave & 55th St At Sw Corner,N-Q-R,
-73.97626385,40.68714754,Fort Greene Pl & Lafayette Ave At Ne Corner,G,
-73.86007,40.67945733,77th St & Liberty Ave At Ne Corner,A-S,
-73.871614,40.69020333,Autumn Ave & Jamaica Ave At Se Corner,J,
-73.83036901,40.6603722,103rd St & 159th Ave At Se Corner,A,
-73.89891028,40.65120912,Turnbull Ave & E 105th St At Se Corner,L,
-73.90052578,40.66334876,Van Sinderen Ave & Livonia Ave At Sw Corner,L,
-73.90231907,40.66978369,Lirr Bay Ridge Divide & Belmont Ave At Nw Corner,L,
-73.85051963,40.68001997,88th St & Liberty Ave At Ne Corner,A-S,
-73.850468,40.69414933,95th St & Jamaica Ave At Sw Corner,J-Z,
-73.842563,40.68079833,97th St & Liberty Ave At Sw Corner,A-S,
-73.836971,40.68216333,104th St & Liberty Ave At Ne Corner,A-S,
-73.832856,40.68428033,109th St & Liberty Ave At Nw Corner,A-S,
-73.827008,40.68595333,116th St & Liberty Ave At Nw Corner,A-S,
-73.829231,40.70052033,121st St & Jamaica Ave At Nw Corner,J-Z,
-73.82754364,40.70077434,123rd St & Jamaica Ave At Nw Corner,J-Z,
-74.031225,40.61617133,4th Ave & 95th St At Nw Corner,R,
-74.030295,40.61752933,4th Ave & 93th St At Ne Corner,R,
-74.02832,40.62254533,4th Ave & 86th St At Se Corner,R,
-74.025453,40.62948033,4th Ave & 77th St At Ne Corner,R,
-74.001507,40.60764733,18th Ave & 85th St At Se Corner,D,
-74.000593,40.61284133,New Utrecht Ave & 79th St At Ne Corner,D,
-73.998256,40.60446033,20th Ave & 86th St At Se Corner,D,
-73.998264,40.60478233,20th Ave & 86th St At Nw Corner,D,
-73.993786,40.60177933,Bay Pkwy & 86th St At Se Corner,D,
-73.99885,40.61895233,New Utrecht Ave & 71st St At Ne Corner,D,
-73.991492,40.62132133,17th Ave & 64th St At Ne Corner,N,
-73.996512,40.62718433,14th Ave & 61st St At Ne Corner,D-N,
-73.995946,40.62427733,63rd St & 15th Ave At Se Corner,D-N,
-73.995319,40.63140433,New Utrecht Ave & 55th St At Se Corner,D,
-73.981115,40.57695233,Stillwell Ave & Mermaid Ave At Se Corner,D-F-N-Q,
-73.97477776,40.58054769,West 6th St & Neptune Ave At Nw Corner,F,
-73.983489,40.58813233,Stillwell Ave & Bay 50th St At Se Corner,D,
-73.987402,40.59788333,25th Ave & 86th St At Sw Corner,D,
-73.987199,40.59809233,25th Ave & 86th St At Nw Corner,D,
-73.974021,40.59039733,Mcdonald Ave & Avenue X At Ne Corner,F,
-73.979335,40.59851233,8th St & Avenue T At Se Corner,N,
-73.968008,40.57617333,Ocean Pkwy & Brighton Beach Rd At Se Corner,Q,
-73.961656,40.57742233,Branch 6 St & Brighton Beach Rd At Sw Corner,B-Q,
-73.960383,40.57768333,Branch 7 St & Brighton Beach Rd At Se Corner,B-Q,
-73.973347,40.59507333,Mcdonald Ave & Gravesend Neck Rd At Se Corner,F,
-73.982201,40.61307733,Bay Pkwy & 66th St At Se Corner,N,
-73.981618,40.61054433,8th St & Avenue O At Ne Corner,N,
-73.989402,40.62003733,18th Ave & 64th St At Nw Corner,N,
-73.974519,40.61610033,Mcdonald Ave & Avenue M At Sw Corner,F,
-73.975127,40.62087733,Mcdonald Ave & Bay Pkwy At Se Corner,F,
-73.972672,40.60209533,Mcdonald Ave & Avenue S At Nw Corner,F,
-73.972077,40.60400733,Mcdonald Ave & Kings Hwy At Se Corner,F,
-73.972904,40.60904133,Mcdonald Ave & Avenue P At Ne Corner,F,
-73.957823,40.60905433,15th St & Kings Hwy At Ne Corner,B-Q,
-73.961916,40.62988733,15th St & Avenue H At Se Corner,B-Q,
-73.954193,40.58734033,15th St & Sheepshead Bay Rd At Se Corner,B-Q,
-73.95601,40.59878033,15th St & Avenue U At Se Corner,B-Q,
-74.023329,40.63473433,4th Ave & Bay Ridge Ave At Ne Corner,R,
-74.018764,40.64070933,4th Ave & 60th St At Sw Corner,N-R,
-74.017732,40.64174033,4th Ave & 59th St At Nw Corner,N-R,
-74.014769,40.64453433,4th Ave & 53rd St At Sw Corner,N-R,
-74.014581,40.64437933,4th Ave & 53rd St At Se Corner,N-R,
-74.013659,40.64567733,4th Ave & 52nd St At Nw Corner,N-R,
-74.009444,40.64930533,4th Ave & 45th St At Ne Corner,N-R,
-73.994658,40.63613733,New Utrecht Ave & 50th St At Ne Corner,D,
-73.994496,40.64631333,9th Ave & New Utrecht Ave At Ne Corner,D,
-74.004293,40.65464733,4th Ave & 36th St At Nw Corner,D-N-R,
-73.997973,40.66030033,4th Ave & 25th St At Se Corner (To Manhattan Only),D-N-R,
-73.99271416,40.66531631,4th Ave & Prospect Ave At Ne Corner (To Manhattan Only),D-N-R,
-73.978499,40.63698433,Mcdonald Ave & Cortelyou Rd At Sw Corner,F-G,
-73.979662,40.64313233,Mcdonald Ave & Church Ave At Nw Corner,F-G,
-73.979724,40.64502033,Mcdonald Ave & Albemarle Rd At Se Corner,F-G,
-73.975679,40.65158333,Prospect Ave & Greenwood Ave At Nw Corner,F-G,
-73.979539,40.66073333,Prospect Park West & Prospect Park Southwest At Se Corner,F-G,
-73.97932,40.66131133,Prospect Park West & 14th St At Se Corner,F-G,
-73.98913712,40.66995488,4th Ave & 10th St At Nw Corner,D-F-G-N-R,
-73.981822,40.66686333,7th Ave & 9th St At Sw Corner,F-G,
-73.981258,40.66689333,7th Ave & 9th St At Ne Corner,F-G,
-73.974512,40.68615333,Portland Ave & Fulton Ave At Sw Corner (To Queens Only),A-C,
-73.972867,40.68558633,Oxford St & Fulton Ave At Sw Corner (To Queens Only),A-C,
-73.932838,40.85862233,Fort Washington Ave & 192nd St At Nw Corner,A,
-73.927988,40.86534433,Broadway & Dyckman St At Sw Corner,A,
-73.926946,40.86536333,Broadway & Dyckman St At Ne Corner,A,
-73.921307,40.86753233,Broadway & 207th St At Se Corner,A,
-73.919189,40.86432833,10th Ave & 207th St At Sw Corner (Downtown Only),1,
-73.918706,40.86454733,10th Ave & 207th St At Ne Corner (Uptown Only),1,
-73.919285,40.86803133,Broadway & 211th St At Ne Corner,A,
-73.915155,40.86979133,10th Ave & 215th St At Nw Corner (Downtown Only),1,
-73.909795,40.87430833,Broadway & 225th St At Se Corner (To Bronx Only),1,
-73.904538,40.87909133,Broadway & 231st St At Ne Corner (To Van Cortlandt Pk Only),1,
-73.900586,40.88491633,Broadway & 238th St At Ne Corner (To Van Cortlandt Pk Only),1,
-73.897925,40.88968333,Broadway & 242nd St At Ne Corner,1,
-73.90324755,40.74553153,61st St & Roosevelt Ave At Se Corner,7-7 Express,
-73.94478843,40.74625346,Jackson Ave & 45th Rd At Nw Corner,E-G-M,
-73.98251056,40.77357901,Broadway & 66th St At Sw Corner,2-Jan,
-73.98165269,40.77901673,Broadway & 72nd St At Ne Corner,1/2/03,
-73.95539167,40.77964368,Lexington Ave & 86th St At Ne Corner (Uptown Only),4-5-6-6 Express,
-73.93931753,40.84801722,Fort Washington Ave & 177th St At Ne Corner,A,
-73.926839,40.81065733,Lincoln Ave & 138th St At Se Corner,6-6 Express,
-73.925573,40.81011333,Alexander Ave & 138th St At Sw Corner,6-6 Express,
-73.925297,40.81024633,Alexander Ave & 138th St At Nw Corner,6-6 Express,
-73.927226,40.81833933,Grand Concourse & 149th St At Se Corner,2/4/05,
-73.92625008,40.82747147,River Ave & 161st St At Sw Corner,4-B-D,
-73.925997,40.82747133,River Ave & 161st St At Se Corner,4-B-D,
-73.925726,40.82786533,River Ave & 161st St At Ne Corner,4-B-D,
-73.919391,40.80749533,Brook Ave & 138th St At Sw Corner (To Pelham Bay Pk Only),6,
-73.91393,40.80523833,Cypress Ave & 138th St At Se Corner (To Pelham Bay Pk Only),6,
-73.918064,40.81603333,Melrose Ave & 149th St At Sw Corner (Northbound Only),5-Feb,
-73.917468,40.81624133,3rd Ave & 149th St At Nw Corner (To Manhattan Only),5-Feb,
-73.923987,40.82755033,Walton Ave & 161st St At Nw Corner,4-B-D,
-73.90772,40.80803033,Southern Blvd & St Mary's St At Se Corner (To Pelham Bay Pk Only),6,
-73.903869,40.81202733,Southern Blvd & 149th St At Ne Corner (To Pelham Bay Pk Only),6,
-73.92640902,40.82751029,River Ave & 161st St At Sw Corner,4-B-D,
-73.907953,40.81616333,Jackson Ave & 152nd St At Ne Corner (Northbound Only),5-Feb,
-73.907436,40.81686233,Jackson Ave & Westchester Ave At Nw Corner (To Manhattan Only),5-Feb,
-73.901348,40.81968433,Prospect Ave & Longwood Ave At Ne Corner (Northbound Only),5-Feb,
-73.895937,40.81638633,Southern Blvd & Longwood Ave At Ne Corner (To Pelham Bay Pk Only),6,
-73.892731,40.82411833,Westchester Ave & Simpson St At Se Corner (Northbound Only),5-Feb,
-73.890947,40.82069433,Hunts Point Ave & 163rd St At Se Corner,6-6 Express,
-73.886076,40.82737333,Whitlock Ave & Westchester Ave At Se Corner,6,
-73.921455,40.83570233,River Ave & 167th St At Sw Corner,4,
-73.92122,40.83561233,River Ave & 167th St At Se Corner,4,
-73.82692837,40.85290482,Burr Ave & Westchester Ave At Ne Corner,6-6 Express,
-73.918155,40.83446633,Grand Concourse & 167th St At Sw Corner,B-D,
-73.917245,40.83460933,Grand Concourse & 167th St At Ne Corner,B-D,
-73.917635,40.84011133,Jerome Ave & 170th St At Se Corner,4,
-73.913857,40.83904633,Grand Concourse & 170th St At Nw Corner,B-D,
-73.912743,40.83975133,Grand Concourse & 171st St At Ne Corner,B-D,
-73.914581,40.84435833,Jerome Ave & Mt Eden Ave At Ne Corner,4,
-73.910844,40.84494733,Grand Concourse & 174th St At Ne Corner,B-D,
-73.909712,40.84653033,Grand Concourse & 175th St At Sw Corner,B-D,
-73.892036,40.83003333,Southern Blvd & Freeman St At Sw Corner (To Manhattan Only),5-Feb,
-73.907782,40.85318133,Jerome Ave & Burnside Ave At Se Corner,4,
-73.905293,40.84994133,Grand Concourse & Echo Pl At Ne Corner,B-D,
-73.907654,40.85367033,Jerome Ave & Burnside Ave At Sw Corner,4,
-73.901084,40.85610133,Grand Concourse & 182nd St At Sw Corner,B-D,
-73.900481,40.85603433,Grand Concourse & 182nd St At Ne Corner,B-D,
-73.903734,40.85842933,Jerome Ave & 183rd St At Ne Corner,4,
-73.89794,40.86157433,Grand Concourse & 188th St At Nw Corner,B-D,
-73.901144,40.86291633,Jerome Ave & Fordham Rd At Nw Corner,4,
-73.900863,40.86284233,Jerome Ave & Fordham Rd At Ne Corner,4,
-73.897458,40.86761633,Jerome Ave & Kingsbridge Rd At Nw Corner,4,
-73.894506,40.86636433,Grand Concourse & Kingsbridge Rd At Nw Corner,B-D,
-73.85554678,40.85873757,Esplanade & Laconia Ave At Ne Corner,5,
-73.893204,40.86806333,Grand Concourse & 196th St At Nw Corner,B-D,
-73.887964,40.83738933,Boston Rd & 174th St At Sw Corner (To Manhattan Only),5-Feb,
-73.887294,40.83734633,Boston Rd & 174th St At Ne Corner (Northbound Only),5-Feb,
-73.879822,40.84062833,Boston Rd & 178th St At Sw Corner,5-Feb,
-73.879397,40.84107833,Boston Rd & 178th St At Nw Corner,5-Feb,
-73.867328,40.83149333,St Lawrence Ave & Westchester Ave At Sw Corner,6,
-73.860948,40.83311333,Metropolitan Ave & Westchester Ave At Sw Corner,6-6 Express,
-73.868411,40.84909833,Birchall Ave & Sagamore St At Nw Corner,5-Feb,
-73.867517,40.85641033,White Plains Rd & Pelham Pkwy At Se Corner,5-Feb,
-73.86021201,40.85456502,Esplanade & Paulding Ave At W Corner,5,
-73.88778828,40.87219837,Grand Concourse & Bedford Park Blvd At Se Corner,B-D,
-73.887459,40.87213533,Grand Concourse & Bedofrd Park Blvd At Ne Corner,B-D,
-73.879339,40.87489733,Bainbridge Ave & 205th St At Se Corner,D,
-73.87747,40.87407333,Perry Ave & 205th St At Se Corner,D,
-73.885134,40.87921033,Jerome Ave & Mosholu Pkwy At Se Corner,4,
-73.884155,40.88004033,Jerome Ave & Mosholu Pkwy At Ne Corner,4,
-73.884226,40.88030033,Jerome Ave & Mosholu Pkwy At Nw Corner,4,
-73.878376,40.88681933,Jerome Ave & Bainbridge Ave At Sw Corner,4,
-73.867197,40.86533933,White Plains Rd & Allerton Ave At Se Corner,5-Feb,
-73.86610919,40.87776958,White Plains Rd & 211th St At Sw Corner,5-Feb,
-73.862709,40.88348733,White Plains Rd & 219th St At Se Corner,5-Feb,
-73.83771088,40.8792866,Baychester Ave & Tillotson Ave At Nw Corner,5,
-73.860566,40.88790833,White Plains Rd & 225th St At Nw Corner,5-Feb,
-73.846627,40.83666833,Westchester Ave & Zerega Ave At Se Corner,6-6 Express,
-73.836531,40.84355633,Westchester Ave & Middletown Rd At Ne Corner,6-6 Express,
-73.832554,40.84697933,Edison Ave & Buhre Ave At Sw Corner,6-6 Express,
-73.82718721,40.85295707,Burr Ave & Westchester Ave At Ne Corner,6-6 Express,
-73.857462,40.89354733,White Plains Rd & 233rd St At Nw Corner,5-Feb,
-73.85436,40.89861633,White Plains Rd & Nereid Ave At Nw Corner,5-Feb,
-73.850147,40.90351233,White Plains Rd & 241st St At Ne Corner,2,
-73.91759412,40.81624367,Melrose Ave & 149th St At Ne Corner (To Manhattan Only),5-Feb,
-73.89672609,40.82237793,Intervale Ave & Westchester Ave At Ne Corner,5-Feb,
-73.89664364,40.82233417,Intervale Ave & Westchester Ave At Ne Corner,5-Feb,
-73.87348902,40.8411981,Morris Park Ave & 180th St At Nw Corner,5-Feb,
-73.92645552,40.82743826,River Ave & 161st St At Sw Corner,4-B-D,
-73.892119,40.74720933,73rd St & 37th Rd At Ne Corner,7-E-F-M-R,
-73.891463,40.74659233,74th St & Roosevelt Av At Sw Corner,7-E-F-M-R,
-73.877096,40.73603733,54th St & Queens Blvd At Sw Corner,E-M-R,
-73.877412,40.73747633,Broadway & Queens Blvd At Sw Corner,E-M-R,
-73.99010827,40.69382698,Cadman Plaza West & Montague St At Ne Corner,2-3-4-5-N-R,
-73.98734288,40.69303613,Jay St & Metrotech Walk At Sw Corner,A-C-F,
-73.98723441,40.69228482,Jay St & Willoughby St At Ne Corner,A-C-F,
-73.98124736,40.68986946,Flatbush Ave & De Kalb Ave At Se Corner,B-D-N-Q-R,
-73.97852155,40.68374128,4th Ave & Pacific St At Ne Corner,2-3-4-5-B-D-N-Q-R,
-73.97092693,40.67518096,Flatbush Ave & Plaza Street East At Se Corner,2/3/04,
-73.97103425,40.67514328,Flatbush Ave & Plaza Street West At Sw Corner,2/3/04,
-73.98051742,40.68811143,Flatbush Ave & Livingston St At Nw Corner,2-3-4-5,
-73.98028292,40.68808294,Flatbush Ave & Livingston St At Ne Corner,2-3-4-5,
-73.953938,40.74281733,Vernon Blvd & 50th Ave At Ne Corner (To Manhattan Only),7-7 Express,
-73.952802,40.74260833,Jackson Ave & 50th Ave At Nw Corner (To Manhattan Only),7-7 Express,
-73.94811046,40.7424052,21st St & 49th Ave At Ne Corner,7-7 Express,
-73.94819531,40.74242213,21st St & 49th Ave At Ne Corner,7-7 Express,
-73.948402,40.74452233,Jackson Ave & 47th Ave At Se Corner,G,
-73.943985,40.74622433,Court Square & Jackson Ave At Sw Corner,E-G-M,
-73.944632,40.74771233,23rd St & 44th Ave At Ne Corner,E-G-M,
-73.931781,40.74477733,33rd St & Queens Blvd At Sw Corner,7,
-73.930943,40.74449633,34th St & Queens Blvd At Sw Corner,7,
-73.938244,40.74846633,Jackson Ave & West St At Se Corner,E-M-R,
-73.936198,40.74985733,Northern Blvd & 41st Ave At Nw Corner,E-M-R,
-73.932918,40.75291533,31st St & 39th Ave At Nw Corner,N-Q,
-73.929744,40.75638433,31st St & 36th Ave At Se Corner,N-Q,
-73.925638,40.76188033,31st St & Broadway At Sw Corner,N-Q,
-73.925349,40.76221733,31st St & Broadway At Nw Corner,N-Q,
-73.924107,40.74370033,40th St & Queens Blvd At Se Corner (To Flushing Only),7,
-73.918853,40.74329133,46th St & Queens Blvd At Nw Corner,7,
-73.9185,40.74324933,46th St & Queens Blvd At Ne Corner,7,
-73.91305511,40.74383047,52nd St & Roosevelt Ave At Sw Corner,7,
-73.920648,40.75668933,Steinway St & 34th Ave At Ne Corner,E-M-R,
-73.914378,40.75663733,46th St & Broadway At Sw Corner (To Jamaica Only),E-M-R,
-73.90323356,40.74569239,61st St & Roosevelt Ave At Ne Corner,7-7 Express,
-73.896407,40.74615233,69th St & Roosevelt Ave At Sw Corner,7,
-73.897458,40.74913833,65th St & Broadway At Se Corner,E-M-R,
-73.921628,40.76676633,31st St & 30th Ave At Sw Corner,N-Q,
-73.921377,40.76709033,31st St & 30th Ave At Nw Corner,N-Q,
-73.917764,40.77015533,31st St & Hoyt Ave South At Se Corner,N-Q,
-73.91235,40.77492833,31st St & 23rd Ave At Nw Corner,N-Q,
-73.911848,40.77504633,31st St & 23rd Ave At Ne Corner,N-Q,
-73.953505,40.75901633,West Rd & Unnamed St At Se Corner,F,
-73.982015,40.77366933,Broadway & 66th St At Se Corner,2-Jan,
-73.981907,40.77860133,Broadway & 72nd St At Se Corner,1/2/03,
-73.976247,40.77621733,Central Park West & 72nd St At Sw Corner,A-C-B,
-73.979909,40.78363233,Broadway & 79th St At Se Corner (Uptown Only),2-Jan,
-73.976858,40.78835733,Broadway & 86th St At Sw Corner (Downtown Only),2-Jan,
-73.976177,40.78829133,Broadway & 86th St At Ne Corner (Uptown Only),2-Jan,
-73.964319,40.76778133,Lexington Ave & 68th St At Sw Corner,4-6-6 Express,
-73.959734,40.77352633,Lexington Ave & 77th St At Se Corner (Uptown Only),4-6-6 Express,
-73.959578,40.77360333,Lexington Ave & 77th St At Ne Corner (Uptown Only),4-6-6 Express,
-73.98205318,40.77345196,Broadway & 66th St At Se Corner,2-Jan,
-73.973156,40.78038233,Central Park West & 77th St At Nw Corner,A-C-B,
-73.969567,40.78520633,Central Park West & 86th St At Sw Corner,A-C-B,
-73.969017,40.78610433,Central Park West & 87th St At Nw Corner,A-C-B,
-73.973046,40.79327233,Broadway & 96th St At Sw Corner,1/2/03,
-73.972632,40.79318233,Broadway & 96th St At Se Corner,1/2/03,
-73.972061,40.79459733,Broadway & 96th St At Sw Corner,1/2/03,
-73.971703,40.79444933,Broadway & 96th St At Se Corner,1/2/03,
-73.964287,40.79259833,Central Park West & 97th St At Nw Corner,A-C-B,
-73.968314,40.79914233,Broadway & 103rd St At Ne Corner,1,
-73.968082,40.79958633,Broadway & 104th St At Se Corner,1,
-73.966422,40.80425733,Broadway & Cathedral Pkwy At Ne Corner (Uptown Only),1,
-73.958859,40.80000133,Frederick Douglass Blvd & 109th St At Sw Corner,A-C-B,
-73.963968,40.80754433,Broadway & 115th St At Se Corner,1,
-73.963592,40.80810633,Broadway & 116th St At Ne Corner,1,
-73.958826,40.81530733,Broadway & 125th St At Sw Corner,1,
-73.955868,40.77946833,Lexington Ave & 86th St At Sw Corner (Downtown Only),4-5-6-6 Express,
-73.993452,40.71815533,Chrystie St & Grand St At Ne Corner,B-D,
-73.955479,40.77932533,Lexington Ave & 86th St At Se Corner (Uptown Only),4-5-6-6 Express,
-73.947673,40.79019333,Lexington Ave & 103rd St At Se Corner,4-6-6 Express,
-73.944515,40.79493733,Lexington Ave & 110th St At Nw Corner (Downtown Only),4-6-6 Express,
-73.944202,40.79479933,Lexington Ave & 110th St At Ne Corner (Uptown Only),4-6-6 Express,
-73.952616,40.79850033,St Nicholas Ave & Central Park North At Nw Corner,3-Feb,
-73.94973,40.80221733,Lenox Ave & 116th St At Nw Corner (Downtown Only),3-Feb,
-73.955467,40.80455833,Frederick Douglass Blvd & 116th St At Nw Corner (Downtown Only),A-C-B,
-73.952559,40.81058533,Saint Nicholas Ave & 125th St At Se Corner,A-C-B-D,
-73.951937,40.81129933,Saint Nicholas Ave & 126th St At Se Corner,A-C-B-D,
-73.951354,40.81186133,Saint Nicholas Ave & 127th St At Se Corner,A-C-B-D,
-73.945732,40.80769233,Lenox Ave & 125th St At Sw Corner (Downtown Only),3-Feb,
-73.945532,40.80797233,Lenox Ave & 125th St At Nw Corner (Downtown Only),3-Feb,
-73.953848,40.82142233,Broadway & 137th St At Ne Corner (Uptown Only),1,
-73.950525,40.82664833,Broadway & 145th St At Ne Corner (Downtown Only),1,
-73.947934,40.81688333,Saint Nicholas Ave & 135th St At Se Corner (Uptown Only),A-C-B,
-73.947531,40.81855133,Saint Nicholas Ave & 137th St At Sw Corner (Downtown Only),A-C-B,
-73.94501,40.82393633,Saint Nicholas Ave & 145th St At Sw Corner,A-C-B-D,
-73.944717,40.82381633,Saint Nicholas Ave & 145th St At Se Corner,A-C-B-D,
-73.943579,40.82541133,Saint Nicholas Ave & 147th St At Ne Corner,A-C-B-D,
-73.937403,40.80458133,Lexington Ave & 125th St At Nw Corner,4-5-6-6 Express,
-73.940811,40.81391933,Lenox Ave & 135th St At Se Corner (Uptown Only),3-Feb,
-73.936496,40.82034533,Lenox Ave & 145th St At Sw Corner (Downtown Only),3,
-73.935944,40.82059233,Lenox Ave & 145th St At Ne Corner (Exit Only),3,
-73.945098,40.83423833,Broadway & 157th St At Nw Corner (Downtown Only),1,
-73.941105,40.83092733,Saint Nicholas Ave & 155th St At Ne Corner,A-C,
-73.94115,40.83099033,Saint Nicholas Ave & 155th St At Ne Corner,A-C,
-73.944594,40.83388333,Broadway & 157th St At Se Corner (Uptown Only),1,
-73.936751,40.83010633,Frederick Douglass Blvd & 156th St At Nw Corner,B-D,
-73.939252,40.84074133,Saint Nicholas Ave & 168th St At Se Corner,1-A-C,
-73.939085,40.84175833,Broadway & 169th St At Ne Corner,1-A-C,
-73.93954677,40.84810441,Fort Washington Ave & 177th St At Nw Corner,A,
-73.939679,40.84794433,Fort Washington Ave & 177th St At Nw Corner,A,
-73.938469,40.85085833,Fort Washington Ave & 181st St At Sw Corner,A,
-73.938149,40.85075333,Fort Washington Ave & 181st St At Se Corner,A,
-73.984249,40.75500833,6th Ave & 42nd St At Nw Corner,7-7 Express-B-D-F-M,
-73.982984,40.75421333,5th-6th Aves & 42nd St At S Corner,7-7 Express-B-D-F-M,
-73.989053,40.75856733,8th Ave & 44th St At Sw Corner,1-2-3-7-7 Express-S-A-C-E-N-Q-R,
-73.987679,40.75555433,7th Ave & 41st St At Nw Corner,1-2-3-7-7 Express-S-A-C-E-N-Q-R,
-73.9872,40.75533433,7th Ave & 41st St At Se Corner,1-2-3-7-7 Express-S-A-C-E-N-Q-R,
-73.986924,40.76174133,8th Ave & 49th St At Sw Corner (Downtown Only),A-C-E,
-73.98287073,40.75417503,5th-6th Aves & 42nd St At S Corner,7-7 Express-B-D-F-M,
-74.005163,40.71187733,Nassau St & Frankfort St At Se Corner,4-5-6-6 Express-J-Z,
-73.982079,40.75802433,6th Ave & 47th St At Sw Corner,B-D-F-M,
-73.98471,40.75939633,7th Ave & 47th St At Nw Corner (Downtown Only),N-Q-R,
-73.985412,40.76290033,8th Ave & 51st St At Ne Corner (Uptown Only),A-C-E,
-73.983853,40.76128233,Broadway & 50th St At Se Corner (Uptown Only),2-Jan,
-73.98270276,40.7631589,Broadway & 53rd St At Se Corner,B-D-E,
-73.979798,40.75284633,Madison Ave & 42nd St At Sw Corner,4-5-6-6 Express-7-7 Express-S,
-73.9833567,40.76121231,Broadway & 50th St At Ne Corner (Uptown Only),2-Jan,
-73.97775349,40.75165314,Park Ave & 42nd St At Se Corner,4-5-6-6 Express-7-7 Express-S,
-73.981735,40.75786233,6th Ave & 47th St At Se Corner,B-D-F-M,
-73.981158,40.75848633,6th Ave & 48th St At Se Corner,B-D-F-M,
-73.981352,40.75897733,6th Ave & 48-49th Sts At W Corner,B-D-F-M,
-73.980706,40.75989633,6th Ave & 50th St At Sw Corner,B-D-F-M,
-73.981673,40.76280233,7th Ave & 53rd St At Se Corner,B-D-E,
-73.975562,40.76037333,5th Ave & 53rd St At Ne Corner,E-M,
-73.972084,40.75710333,Lexington Ave & 51st St At Sw Corner,4-6-6 Express-E-M,
-73.971959,40.75727033,Lexington Ave & 51st St At Nw Corner,4-6-6 Express-E-M,
-73.971709,40.75711733,Lexington Ave & 51st St At Ne Corner,4-6-6 Express-E-M,
-73.969178,40.75772233,3rd Ave & 53rd St At Ne Corner,4-6-6 Express-E-M,
-73.968408,40.76224533,Lexington Ave & 59th St At Sw Corner,4-5-6-6 Express-N-Q-R,
-73.967555,40.76286033,Lexington Ave & 60th St At Ne Corner,4-5-6-6 Express-N-Q-R,
-73.966114,40.76196833,3rd Ave & 60th St At Se Corner,4-5-6-6 Express-N-Q-R,
-73.982589,40.76673333,8th Ave & 57th St At Ne Corner,1-2-A-C-B-D,
-73.982526,40.76767733,8th Ave & 58th St At Nw Corner,1-2-A-C-B-D,
-73.980721,40.76419033,7th Ave & 55th St At Ne Corner,N-Q-R,
-73.980063,40.76529633,7th Ave & 57th St At Se Corner,N-Q-R,
-73.83042049,40.66055013,103rd St & 159th Ave At Ne Corner,A,
-73.81596848,40.60793799,West Rd & Noel Rd At Ne Corner,A-S,
-73.979787,40.76564833,7th Ave & 57th St At Ne Corner,N-Q-R,
-73.981184,40.76864933,Central Park West & 60th St At Ne Corner,1-2-A-C-B-D,
-73.977442,40.76421033,6th Ave & 57th St At Sw Corner,F,
-73.97723753,40.76398956,6th Ave & 57th St At Se Corner,F,
-73.97686,40.76450633,6th Ave & 57th St At Ne Corner,F,
-73.972298,40.76470833,5th Ave & 60th St At Se Corner,N-Q-R,
-73.972222,40.76480833,5th Ave & 60th St At Ne Corner,N-Q-R,
-73.966464,40.76485733,Lexington Ave & 63rd St At Nw Corner,F,
-74.004302,40.71222833,Centre St & Brooklyn Bridge Approach At Ne Corner,4-5-6-6 Express-J-Z,
-73.990352,40.71419433,Rutgers St & Broadway At Nw Corner,F,
-74.005038,40.71987033,6th Ave & Walker St At Ne Corner,A-C-E,
-73.99250577,40.74288052,6th Ave & 23rd St At Ne Corner (Uptown Only),F-M,
-73.99248905,40.7426598,6th Ave & 23rd St At Se Corner (Uptown Only),F-M,
-73.99318831,40.74297702,6th Ave & 23rd St At Sw Corner (Downtown Only),F-M,
-74.004999,40.72070433,Lispenard St & West Broadway At Ne Corner,A-C-E,
-74.000138,40.71830433,Lafayette St & Canal St At Ne Corner,4-6-6 Express-J-Z-N-Q-R,
-74.001789,40.71918633,Broadway & Canal St At Se Corner,4-6-6 Express-J-Z-N-Q-R,
-74.00193,40.71958533,Broadway & Canal St At Nw Corner,4-6-6 Express-J-Z-N-Q-R,
-74.000826,40.71850633,Lafayette St & Canal St At Sw Corner,4-6-6 Express-J-Z-N-Q-R,
-74.006518,40.72287833,Canal St & Varick St At Nw Corner (Downtown Only),1,
-74.004326,40.72559533,6th Ave & Spring St At Nw Corner,A-C-E,
-74.005681,40.72784033,Varick St & King St At Sw Corner (Downtown Only),1,
-74.005188,40.72847233,Varick St & Houston St At Se Corner (Uptown Only),1,
-73.997397,40.72246833,Lafayette St & Spring St At Nw Corner (Downtown Only),4-6-6 Express,
-73.997601,40.72420733,Broadway & Prince St At Ne Corner (Uptown Only),N-R,
-73.996387,40.72549933,"Broadway & Houston St At Se Corner ((4)(6)<6> Dntn, (B)(D)(F)(M))",4-5-6-6 Express-B-D-F-M,
-73.994829,40.72595833,"Lafayette St & Bleecker St At Sw Corner ((4)(6)<6> Dntn, (B)(D)(F)(M))",4-5-6-6 Express-B-D-F-M,
-73.994367,40.72575533,Lafayette St & Mulberry St At Se Corner (Uptown Only),4-6-6 Express,
-73.991298,40.72395033,2nd Ave & Houston St At Nw Corner,F,
-73.992631,40.73060233,Broadway & 8th St At Sw Corner (Downtown Only),N-R,
-73.992216,40.73057833,Broadway & 8th St At Ne Corner (Uptown Only),N-R,
-74.003147,40.73351533,7th Ave & Christopher St At Sw Corner (Downtown Only),1,
-74.003006,40.73365233,7th Ave & Christopher St At Nw Corner (Downtown Only),1,
-74.001127,40.73109133,6th Ave & West 3rd St At Ne Corner,A-C-E-B-D-F-M,
-73.992529,40.73072733,Broadway & 8th St At Nw Corner (Downtown Only),N-R,
-73.990014,40.71390633,Rutgers St & Broadway At Se Corner,F,
-73.988446,40.71835833,Essex St & Delancey St At Sw Corner,F-J-M-Z,
-73.987195,40.71841433,Norfolk St & Delancey St At Ne Corner,F-J-M-Z,
-74.000192,40.73307233,6th Ave & Waverly Pl At Nw Corner,A-C-E-B-D-F-M,
-74.00942652,40.71553928,Chambers St & Broadway At Sw Corner,1/2/03,
-73.99387677,40.71826569,Chrystie St & Grand St At Nw Corner,B-D,
-73.9952502,40.6793339,Smith St & 2nd St At Se Corner,F-G,
-73.99412861,40.68091575,Smith St & President St At Ne Corner,F-G,
-73.991482,40.68559633,Smith St & Warren St At Nw Corner (To Coney Island Only),F-G,
-73.9904,40.68662533,Smith St & Bergen St At Se Corner (To Manhattan And Queens Only),F-G,
-73.99269217,40.6944426,Clinton St & Montague St At Nw Corner,2-3-4-5-N-R,
-73.993033,40.69765133,Clark St & Henry St At Nw Corner,3-Feb,
-73.98330488,40.6773013,4th Ave & Union St At Sw Corner (To Bay Ridge And Coney Island Only),D-N-R,
-73.975655,40.68087233,Flatbush Ave & Bergen St At Sw Corner (To New Lots And Flatbush Only),2/3/04,
-73.98612937,40.69212426,Lawrence St & Willoughby St At Se Corner,N-R,
-73.985435,40.69093133,Bridge St & Fulton St At Nw Corner (To Manhattan Only),3-Feb,
-73.984215,40.69004933,Elm Pl & Fulton St At Sw Corner (To New Lots And Flatbush Only),3-Feb,
-73.98521793,40.69207586,Bridge St & Willoughby St At Se Corner,N-R,
-73.98239904,40.69152795,Flatbush Ave & Fleet St At Nw Corner,B-D-N-Q-R,
-73.978473,40.68382833,4th Ave & Pacific St At Ne Corner,2-3-4-5-B-D-N-Q-R,
-73.98741859,40.69230641,Jay St & Willoughby St At Nw Corner,A-C-F,
-73.9728139,40.67743957,Flatbush Ave & Park Pl At Sw Corner,B-Q,
-73.959035,40.67054563,Franklin Ave & Eastern Pkwy At Sw Corner,2-3-4-5-S,
-73.9577396,40.67047233,Franklin Ave & Eastern Pkwy At Se Corner,2-3-4-5-S,
-73.95781103,40.67470462,Franklin Ave & Park Pl At Nw Corner,S,
-73.98153072,40.68986472,Flatbush Ave & De Kalb Ave At Sw Corner,B-D-N-Q-R,
-73.99140115,40.69942716,Cadman Plaza West & Cranberry St At Nw Corner,A-C,
-73.82057673,40.58516586,Beach 98th St & Rockaway Frwy At Sw Corner,A-S,
-73.99014068,40.69256019,Court St & Joralemon St At Ne Corner,2-3-4-5-N-R,
-73.999405,40.73858533,7th Ave & 14th St At Ne Corner,1-2-3-L-F-M,
-74.002389,40.73955033,8th Ave & 14th St At Se Corner,A-C-E-L,
-74.002185,40.74059833,8th Ave & 15th St At Nw Corner,A-C-E-L,
-74.001715,40.74123533,8th Ave & 16th St At Nw Corner,A-C-E-L,
-74.007933,40.71040033,Fulton St & Nassau St At Nw Corner,2-3-4-5-A-C-J-Z,
-74.007766,40.71271233,Park Pl & Broadway At Nw Corner,2-3-A-C-E,
-73.998365,40.74510233,8th Ave & 23rd St At Se Corner,A-C-E,
-73.997079,40.73737033,6th Ave & 14th St At Sw Corner,1-2-3-L-F-M,
-73.99697,40.73751933,6th Ave & 14th St At Nw Corner,1-2-3-L-F-M,
-73.996508,40.73731633,6th Ave & 14th St At Ne Corner,1-2-3-L-F-M,
-73.996121,40.73871833,6th Ave & 16th St At Sw Corner,1-2-3-L-F-M,
-73.995632,40.73867833,6th Ave & 16th St At Ne Corner,1-2-3-L-F-M,
-73.88953957,40.71208209,69th St & Metropolitan Ave At Sw Corner,M,
-73.990964,40.73477233,Broadway & 14th St At Sw Corner,4-5-6-6 Express-L-N-Q-R,
-73.990603,40.73633933,Broadway & 16th St At Se Corner,4-5-6-6 Express-L-N-Q-R,
-73.998105,40.74108133,7th Ave & 18th St At Sw Corner (Downtown Only),2-Jan,
-73.99758,40.74101533,7th Ave & 18th St At Ne Corner (Uptown Only),2-Jan,
-73.996023,40.73883833,6th Ave & 16th St At Nw Corner,1-2-3-L-F-M,
-73.997852,40.74581433,8th Ave & 24th St At Se Corner,A-C-E,
-74.00705,40.71308633,Broadway & Warren St At Se Corner,N-R,
-74.006697,40.71352133,Broadway & Warren St At Se Corner,N-R,
-73.997271,40.74653533,8th Ave & 25th St At Ne Corner,A-C-E,
-73.995901,40.74401733,7th Ave & 23rd St At Sw Corner (Downtown Only),2-Jan,
-73.992383,40.74282533,6th Ave & 23rd St At Ne Corner (Uptown Only),F-M,
-73.993555,40.74659433,7th Ave & 27th St At Ne Corner (Uptown Only),2-Jan,
-73.99351,40.74739233,7th Ave & 28th St At Nw Corner (Downtown Only),2-Jan,
-73.990899,40.75098233,7th Ave & 34th St At Sw Corner,1/2/03,
-73.994181,40.75153933,8th Ave & 33rd St At Sw Corner,A-C-E,
-73.993538,40.75143233,8th Ave & 33rd St At Ne Corner,A-C-E,
-73.993701,40.75217833,8th Ave & 34th St At Sw Corner,A-C-E,
-73.993256,40.75305333,8th Ave & 35th St At Nw Corner,A-C-E,
-73.992742,40.75268933,8th Ave & 35th St At Se Corner,A-C-E,
-73.990576,40.75580133,8th Ave & 40th St At Se Corner,1-2-3-7-7 Express-S-A-C-E-N-Q-R,
-73.989672,40.73424833,4th Ave & 14th St At Se Corner,4-5-6-6 Express-L-N-Q-R,
-73.987041,40.73313433,3rd Ave & 14th St At Se Corner (To Brooklyn Only),L,
-73.986548,40.73312233,3rd Ave & 14th St At Ne Corner (To 8 Av Only),L,
-73.982145,40.73148333,1st Ave & 14th St At Ne Corner (To 8 Av Only),L,
-73.989201,40.74066333,Broadway & 22nd St At Ne Corner (Uptown Only),N-R,
-74.008584,40.71431333,Church St & Warren St At Sw Corner,2-3-A-C-E,
-74.009328,40.71573633,Chambers St & West Broadway At Nw Corner,1/2/03,
-74.008428,40.71453933,Church St & Warren St At Nw Corner,2-3-A-C-E,
-74.007989,40.71509933,Church St & Chambers St At Nw Corner,2-3-A-C-E,
-74.007058,40.71925133,Varick St & Franklin St At Nw Corner (Downtown Only),1,
-74.006925,40.71988833,Varick St & North Moore St At Nw Corner (Downtown Only),1,
-74.006409,40.70947533,William St & Fulton St At Se Corner,2-3-4-5-A-C-J-Z,
-73.988919,40.74113433,Broadway & 23rd St At Se Corner (Uptown Only),N-R,
-73.986343,40.73998433,Park Ave & 23rd St At Se Corner (Uptown Only),4-6-6 Express,
-73.988954,40.74531233,Broadway & 28th St At Sw Corner (Downtown Only),N-R,
-73.988542,40.74529033,Broadway & 28th St At Ne Corner (Uptown Only),N-R,
-73.984302,40.74335133,Park Ave & 28th St At Sw Corner (Downtown Only),4-6-6 Express,
-73.983806,40.74312833,Park Ave & 28th St At Se Corner (Uptown Only),4-6-6 Express,
-73.983738,40.74325733,Park Ave & 28th St At Ne Corner (Uptown Only),4-6-6 Express,
-73.982103,40.74564133,Park Ave & 32nd St At Se Corner (Uptown Only),4-6-6 Express,
-73.981882,40.74663233,Park Ave & 33rd St At Nw Corner (Downtown Only),4-6-6 Express,
-73.988288,40.74847733,Broadway & 32nd St At Nw Corner,B-D-F-M-N-Q-R,
-73.988169,40.74983233,Broadway & 34th St At Sw Corner,B-D-F-M-N-Q-R,